borocode,boroname,countyfips,ntacode,ntaname,shape_area,shape_leng,STATEFP,COUNTYFP,TRACTCE,GEOID,NAME,NAMELSAD,MTFCC,FUNCSTAT,ALAND,AWATER,INTPTLAT,INTPTLON,area_sqmi,j_GEOID,j_COUNTY,j_pop_as,j_total,j_pop_whit,j_p_rent,j_med_rent,j_med_inco,j_i_white,j_i_asian,prop_sqmi,prop_pop,prop_as,perc_as,prop_white,perc_white,p_inc_as,p_inc_whit
3.0000000000000000000000000000000,Brooklyn,"047",BK34,Sunset Park East,27125857.4098999984562397003173828125000,25948.7680150999985926318913698196411,"36","047","012600","36047012600","126",Census Tract 126,G5020,S,"235983","0","+40.6348190","-074.0190415",0.15838,14000US36047012600,"47",784.000,2779.000,1156.000,45.500,1255.000,36993.000,38281.000,30357.000,0.00135,23.68765,6.68266,28.21158,9.85352,41.59771,49.60965,39.34067
1.0000000000000000000000000000000,Manhattan,"061",MN27,Chinatown,14501953.1040000002831220626831054687500,20788.8889722999992955010384321212769,"36","061","003602","36061003602","36.02",Census Tract 36.02,G5020,S,"89011","0","+40.7245631","-073.9902060",0.05990,14000US36061003602,"61",426.000,2998.000,1877.000,31.100,1602.000,68359.000,82894.000,60673.000,0.00001,0.50050,0.07112,14.20979,0.31336,62.60939,31.68460,23.19106
3.0000000000000000000000000000000,Brooklyn,"047",BK32,Sunset Park West,50067191.2565999999642372131347656250000,84583.6112985000072512775659561157227,"36","047","005300","36047005300","53",Census Tract 53,G5020,S,"1651843","5374846","+40.6708307","-074.0291182",4.72112,14000US36047005300,"47",76.000,2506.000,1307.000,32.000,1440.000,70737.000,100179.000,34286.000,0.00000,0.00000,0.00000,,0.00000,,50.39958,17.24912
4.0000000000000000000000000000000,Queens,"081",QN22,Flushing,37864843.0490000024437904357910156250000,38363.9700068000020110048353672027588,"36","081","103900","36081103900","1039",Census Tract 1039,G5020,S,"876403","0","+40.7840465","-073.8190832",0.59080,14000US36081103900,"81",1670.000,6865.000,4962.000,31.600,1748.000,82075.000,71680.000,103849.000,0.00000,0.00000,0.00000,,0.00000,,20.19856,29.26339
